{
  "uid" : "b1a8273437954620fa374b796ffaacdd",
  "name" : "behaviors",
  "children" : [ {
    "name" : "get请求实现登录",
    "uid" : "a0d7715060769ac5",
    "parentUid" : "b1a8273437954620fa374b796ffaacdd",
    "status" : "passed",
    "time" : {
      "start" : 1606979562946,
      "stop" : 1606979563035,
      "duration" : 89
    },
    "flaky" : false,
    "newFailed" : false,
    "parameters" : [ "'case_001'", "'get请求实现登录'", "'{\"dhId\": \"wangyan\",\"key\":\"666\"}'", "''", "'['success', 0]'", "''", "''", "'写'", "'get'", "''", "'params'", "'/open/login/as'", "'$.[message,code]'" ]
  }, {
    "name" : "部门管理分页查询",
    "uid" : "748d34d90d27430e",
    "parentUid" : "b1a8273437954620fa374b796ffaacdd",
    "status" : "passed",
    "time" : {
      "start" : 1606979563056,
      "stop" : 1606979563125,
      "duration" : 69
    },
    "flaky" : false,
    "newFailed" : false,
    "parameters" : [ "'case_002'", "'部门管理分页查询'", "'{\"page\": \"0\", \"size\": \"20\",\"query\":\"电梦网络测试组\"}'", "''", "'{\"message\":\"success\",\"code\":0 }'", "''", "''", "'读'", "'get'", "''", "'params'", "'/api/department/page-query'", "'$.[message,code]'" ]
  }, {
    "name" : "get请求查询用户数据列表",
    "uid" : "8bc5c736e6fb69af",
    "parentUid" : "b1a8273437954620fa374b796ffaacdd",
    "status" : "broken",
    "time" : {
      "start" : 1606979563162,
      "stop" : 1606979563172,
      "duration" : 10
    },
    "flaky" : false,
    "newFailed" : false,
    "parameters" : [ "'case_003'", "'get请求查询用户数据列表'", "'{\"pagenum\": 1, \"pagesize\": \"12\"}'", "'key={\"case_002\": [\"$.data.id\"],\"case_001\":[\"$.meta.msg\",\"$.meta.status\"]}'", "'{\"msg\": \"获取管理员列表成功\", \"status\": 200}'", "''", "''", "'读'", "'get'", "''", "'params'", "'users'", "''" ]
  }, {
    "name" : "get请求查询用户数据列表",
    "uid" : "50c446eb88099eb0",
    "parentUid" : "b1a8273437954620fa374b796ffaacdd",
    "status" : "broken",
    "time" : {
      "start" : 1606979563359,
      "stop" : 1606979563368,
      "duration" : 9
    },
    "flaky" : false,
    "newFailed" : false,
    "parameters" : [ "'case_004'", "'get请求查询用户数据列表'", "'{\"pagenum\": 1, \"pagesize\": \"12\"}'", "'{\"case_002\": [\"$.data.id\"],\"case_001\":[\"$.meta.msg\",\"$.meta.status\"]}'", "'{\"msg\": \"获取管理员列表成功\", \"status\": 200}'", "''", "''", "''", "'get'", "''", "'data'", "'users'", "''" ]
  }, {
    "name" : "添加用户正常接口数据",
    "uid" : "2a9901599b1372b1",
    "parentUid" : "b1a8273437954620fa374b796ffaacdd",
    "status" : "broken",
    "time" : {
      "start" : 1606979563457,
      "stop" : 1606979563464,
      "duration" : 7
    },
    "flaky" : false,
    "newFailed" : false,
    "parameters" : [ "'case_005'", "'添加用户正常接口数据'", "'{\"username\": \"tester_zy7y1213\",\"password\": \"123456\"}'", "''", "'{\"msg\":\"创建成功\",\"status\":201}'", "''", "''", "'读'", "'post'", "''", "'data'", "'users'", "''" ]
  }, {
    "name" : "修改用户状态接口",
    "uid" : "63ea85d4110325f3",
    "parentUid" : "b1a8273437954620fa374b796ffaacdd",
    "status" : "broken",
    "time" : {
      "start" : 1606979563549,
      "stop" : 1606979563558,
      "duration" : 9
    },
    "flaky" : false,
    "newFailed" : false,
    "parameters" : [ "'case_006'", "'修改用户状态接口'", "''", "''", "'{\"msg\": \"设置状态成功\", \"status\": 200}'", "''", "''", "'读'", "'put'", "'/{\"case_005\":\"$.data.id\"}/state/{\"case_005\":\"$.data.create_time\"}'", "'data'", "'users'", "''" ]
  }, {
    "name" : "修改用户状态为2",
    "uid" : "3e42dc46788ce0b8",
    "parentUid" : "b1a8273437954620fa374b796ffaacdd",
    "status" : "broken",
    "time" : {
      "start" : 1606979563647,
      "stop" : 1606979563655,
      "duration" : 8
    },
    "flaky" : false,
    "newFailed" : false,
    "parameters" : [ "'case_007'", "'修改用户状态为2'", "''", "''", "'{\"msg\": \"设置状态成功\", \"status\": 200}'", "''", "''", "'读'", "'put'", "'/{\"case_005\":\"$.data.id\"}/state/2'", "'data'", "'users'", "''" ]
  }, {
    "name" : "删除用户zy7y",
    "uid" : "b9057a0345b5a244",
    "parentUid" : "b1a8273437954620fa374b796ffaacdd",
    "status" : "broken",
    "time" : {
      "start" : 1606979563738,
      "stop" : 1606979563745,
      "duration" : 7
    },
    "flaky" : false,
    "newFailed" : false,
    "parameters" : [ "'case_008'", "'删除用户zy7y'", "''", "''", "'{\"msg\": \"删除成功\", \"status\": 200}'", "''", "''", "'读'", "'delete'", "'/{\"case_005\":\"$.data.id\"}'", "'params'", "'users'", "''" ]
  }, {
    "name" : "测试请求数据与依赖数据相同key的情况",
    "uid" : "76bd9e1510285af9",
    "parentUid" : "b1a8273437954620fa374b796ffaacdd",
    "status" : "broken",
    "time" : {
      "start" : 1606979563855,
      "stop" : 1606979563861,
      "duration" : 6
    },
    "flaky" : false,
    "newFailed" : false,
    "parameters" : [ "'case_009'", "'测试请求数据与依赖数据相同key的情况'", "'{\"pagenum\": 1, \"pagesize\": \"12\",\"id\":[1]}'", "'{\"case_002\": [\"$.data.id\"],\"case_001\":[\"$.meta.msg\",\"$.meta.status\"]}'", "'{\"msg\": \"获取管理员列表成功\", \"status\": 200}'", "''", "''", "'读'", "'get'", "''", "'params'", "'users'", "''" ]
  } ]
}