{
  "uid" : "4b4757e66a1912dae1a509f688f20b0f",
  "name" : "categories",
  "children" : [ {
    "name" : "Test defects",
    "children" : [ {
      "name" : "requests.exceptions.InvalidURL: Failed to parse: http://dms-api.op.dianhun.cn:80users",
      "children" : [ {
        "name" : "get请求查询用户数据列表",
        "uid" : "8bc5c736e6fb69af",
        "parentUid" : "da0f7eff28cdcf954c453f16fd1fbd6a",
        "status" : "broken",
        "time" : {
          "start" : 1606979563162,
          "stop" : 1606979563172,
          "duration" : 10
        },
        "flaky" : false,
        "newFailed" : false,
        "parameters" : [ "'case_003'", "'get请求查询用户数据列表'", "'{\"pagenum\": 1, \"pagesize\": \"12\"}'", "'key={\"case_002\": [\"$.data.id\"],\"case_001\":[\"$.meta.msg\",\"$.meta.status\"]}'", "'{\"msg\": \"获取管理员列表成功\", \"status\": 200}'", "''", "''", "'读'", "'get'", "''", "'params'", "'users'", "''" ]
      }, {
        "name" : "get请求查询用户数据列表",
        "uid" : "50c446eb88099eb0",
        "parentUid" : "da0f7eff28cdcf954c453f16fd1fbd6a",
        "status" : "broken",
        "time" : {
          "start" : 1606979563359,
          "stop" : 1606979563368,
          "duration" : 9
        },
        "flaky" : false,
        "newFailed" : false,
        "parameters" : [ "'case_004'", "'get请求查询用户数据列表'", "'{\"pagenum\": 1, \"pagesize\": \"12\"}'", "'{\"case_002\": [\"$.data.id\"],\"case_001\":[\"$.meta.msg\",\"$.meta.status\"]}'", "'{\"msg\": \"获取管理员列表成功\", \"status\": 200}'", "''", "''", "''", "'get'", "''", "'data'", "'users'", "''" ]
      }, {
        "name" : "添加用户正常接口数据",
        "uid" : "2a9901599b1372b1",
        "parentUid" : "da0f7eff28cdcf954c453f16fd1fbd6a",
        "status" : "broken",
        "time" : {
          "start" : 1606979563457,
          "stop" : 1606979563464,
          "duration" : 7
        },
        "flaky" : false,
        "newFailed" : false,
        "parameters" : [ "'case_005'", "'添加用户正常接口数据'", "'{\"username\": \"tester_zy7y1213\",\"password\": \"123456\"}'", "''", "'{\"msg\":\"创建成功\",\"status\":201}'", "''", "''", "'读'", "'post'", "''", "'data'", "'users'", "''" ]
      } ],
      "uid" : "da0f7eff28cdcf954c453f16fd1fbd6a"
    }, {
      "name" : "requests.exceptions.InvalidURL: Failed to parse: http://dms-api.op.dianhun.cn:80users/{\"case_005\":\"$.data.id\"}/state/{\"case_005\":\"$.data.create_time\"}",
      "children" : [ {
        "name" : "修改用户状态接口",
        "uid" : "63ea85d4110325f3",
        "parentUid" : "8abd89e59ba78de3d5e913fbb9a07df7",
        "status" : "broken",
        "time" : {
          "start" : 1606979563549,
          "stop" : 1606979563558,
          "duration" : 9
        },
        "flaky" : false,
        "newFailed" : false,
        "parameters" : [ "'case_006'", "'修改用户状态接口'", "''", "''", "'{\"msg\": \"设置状态成功\", \"status\": 200}'", "''", "''", "'读'", "'put'", "'/{\"case_005\":\"$.data.id\"}/state/{\"case_005\":\"$.data.create_time\"}'", "'data'", "'users'", "''" ]
      } ],
      "uid" : "8abd89e59ba78de3d5e913fbb9a07df7"
    }, {
      "name" : "requests.exceptions.InvalidURL: Failed to parse: http://dms-api.op.dianhun.cn:80users/{\"case_005\":\"$.data.id\"}/state/2",
      "children" : [ {
        "name" : "修改用户状态为2",
        "uid" : "3e42dc46788ce0b8",
        "parentUid" : "aeaec1950f06f6c256c109488764ba49",
        "status" : "broken",
        "time" : {
          "start" : 1606979563647,
          "stop" : 1606979563655,
          "duration" : 8
        },
        "flaky" : false,
        "newFailed" : false,
        "parameters" : [ "'case_007'", "'修改用户状态为2'", "''", "''", "'{\"msg\": \"设置状态成功\", \"status\": 200}'", "''", "''", "'读'", "'put'", "'/{\"case_005\":\"$.data.id\"}/state/2'", "'data'", "'users'", "''" ]
      } ],
      "uid" : "aeaec1950f06f6c256c109488764ba49"
    }, {
      "name" : "requests.exceptions.InvalidURL: Failed to parse: http://dms-api.op.dianhun.cn:80users/{\"case_005\":\"$.data.id\"}",
      "children" : [ {
        "name" : "删除用户zy7y",
        "uid" : "b9057a0345b5a244",
        "parentUid" : "248948c8182c446586d61308cdbf78c4",
        "status" : "broken",
        "time" : {
          "start" : 1606979563738,
          "stop" : 1606979563745,
          "duration" : 7
        },
        "flaky" : false,
        "newFailed" : false,
        "parameters" : [ "'case_008'", "'删除用户zy7y'", "''", "''", "'{\"msg\": \"删除成功\", \"status\": 200}'", "''", "''", "'读'", "'delete'", "'/{\"case_005\":\"$.data.id\"}'", "'params'", "'users'", "''" ]
      } ],
      "uid" : "248948c8182c446586d61308cdbf78c4"
    }, {
      "name" : "ValueError: Circular reference detected",
      "children" : [ {
        "name" : "测试请求数据与依赖数据相同key的情况",
        "uid" : "76bd9e1510285af9",
        "parentUid" : "4ee8dc232f22e39a2d4401446418f685",
        "status" : "broken",
        "time" : {
          "start" : 1606979563855,
          "stop" : 1606979563861,
          "duration" : 6
        },
        "flaky" : false,
        "newFailed" : false,
        "parameters" : [ "'case_009'", "'测试请求数据与依赖数据相同key的情况'", "'{\"pagenum\": 1, \"pagesize\": \"12\",\"id\":[1]}'", "'{\"case_002\": [\"$.data.id\"],\"case_001\":[\"$.meta.msg\",\"$.meta.status\"]}'", "'{\"msg\": \"获取管理员列表成功\", \"status\": 200}'", "''", "''", "'读'", "'get'", "''", "'params'", "'users'", "''" ]
      } ],
      "uid" : "4ee8dc232f22e39a2d4401446418f685"
    } ],
    "uid" : "bdbf199525818fae7a8651db9eafe741"
  } ]
}